<?xml version="1.0" encoding="UTF-8"?>
<project-private xmlns="http://www.netbeans.org/ns/project-private/1">
    <editor-bookmarks xmlns="http://www.netbeans.org/ns/editor-bookmarks/2" lastBookmarkId="0"/>
    <open-files xmlns="http://www.netbeans.org/ns/projectui-open-files/2">
        <group>
            <file>file:/C:/Users/prado/OneDrive/Documentos/Ejercicios%20de%20Practica/Robot/Robot/src/robot/AvanzadaGUI.java</file>
            <file>file:/C:/Users/prado/OneDrive/Documentos/Ejercicios%20de%20Practica/Robot/Robot/src/robot/PrincipalGUI.java</file>
            <file>file:/C:/Users/prado/OneDrive/Documentos/Ejercicios%20de%20Practica/Robot/Robot/src/robot/RobotP.java</file>
            <file>file:/C:/Users/prado/OneDrive/Documentos/Ejercicios%20de%20Practica/Robot/Robot/src/robot/RobotGUI.java</file>
        </group>
    </open-files>
</project-private>
