<?xml version="1.0" encoding="UTF-8"?>
<project-private xmlns="http://www.netbeans.org/ns/project-private/1">
    <editor-bookmarks xmlns="http://www.netbeans.org/ns/editor-bookmarks/2" lastBookmarkId="0"/>
    <open-files xmlns="http://www.netbeans.org/ns/projectui-open-files/2">
        <group>
            <file>file:/C:/Users/prado/OneDrive/Documentos/Ejercicios%20de%20Practica/AutoClick/AutoClick/src/autoclick/AutoClick.java</file>
            <file>file:/C:/Users/prado/OneDrive/Documentos/Ejercicios%20de%20Practica/AutoClick/AutoClick/src/autoclick/AutoClickGUIMinimizada.java</file>
            <file>file:/C:/Users/prado/OneDrive/Documentos/Ejercicios%20de%20Practica/AutoClick/AutoClick/src/autoclick/AutoClickGUI.java</file>
        </group>
    </open-files>
</project-private>
